{
  "name": "SeaBlockMetaPack",
  "version": "0.16.0",
  "factorio_version": "0.16",
  "title": "Sea Block Pack",
  "author": "Trainwreck",
  "homepage": "https://forums.factorio.com/viewtopic.php?t=43759",
  "description": "An experiment in modpack distribution. Contains dependencies on all mods distributed as part of the Sea Block Pack. This mod does nothing by itself.",
  "dependencies": [
    "base",
    "angelsaddons-warehouses",
    "angelsbioprocessing",
    "angelspetrochem",
    "angelsrefining",
    "angelssmelting",
    "A Sea Block Config",
    "bobassembly",
    "bobelectronics",
    "bobenemies",
    "bobinserters",
    "boblibrary",
    "boblogistics",
    "bobmining",
    "bobmodules",
    "bobplates",
    "bobpower",
    "bobrevamp",
    "bobtech",
    "bobwarfare",
    "CircuitProcessing",
    "Explosive Excavation",
    "FNEI",
    "KS_Power",
    "LandfillPainting",
    "Nuclear Fuel",
    "ScienceCostTweakerM",
    "SeaBlock",
    "SpaceMod"
  ]
}
