{
  "name": "xcompat_bobvehicleequipment",
  "version": "0.16.2",
  "title": "Derringer's Cross-Compatibility: Bob's Vehicle Equipment",
  "author": "Derringer",
  "homepage": "",
  "description": "Cross-compatibility patch to help Bob's Vehicle Equipment work with other modded vehicles.  Currently supports AAI and Aircraft vehicles.",
  "factorio_version": "0.16",
  "dependencies": [
	"base >= 0.16.20",
	"bobvehicleequipment >= 0.16.0",
	"? Aircraft >= 1.1.5",
	"? aai-vehicles-miner >= 0.2.10",
	"? aai-vehicles-hauler >= 0.2.3",
	"? aai-vehicles-chaingunner >= 0.2.4",
	"? aai-vehicles-flame-tank >= 0.2.1",
	"? aai-vehicles-flame-tumbler >= 0.2.3",
	"? aai-vehicles-laser-tank >= 0.2.1",
	"? aai-vehicles-warden >= 0.1.2"
  ]
}
