{
  "name": "ShinyBobGFX",
  "version": "0.16.19",
  "factorio_version": "0.16",
  "title": "ShinyBobGFX",
  "author": "Zombiee",
  "dependencies": [ "base >= 0.16.0", 
  				"? Laser_Beam_Turrets >= 0.1.8",
  				"? ModuleInserter >= 1.0.0",  				
 				"boblibrary >= 0.16.0", 
  				"? bobassembly >= 0.16.0", 
  				"? bobelectronics >= 0.16.0", 
  				"? bobenemies >= 0.16.0", 
  				"? boblogistics >= 0.16.0", 
  				"? bobmining >= 0.16.0", 
  				"? bobmodules >= 0.16.0", 
  				"? bobores >= 0.16.0", 
  				"? bobplates >= 0.16.0", 
  				"? bobpower >= 0.16.0", 
  				"? bobtech >= 0.16.0", 
  				"? bobwarfare >= 0.16.0", 
  				"? bobgreenhouse >= 0.16.0",				
  				"? bobrevamp >= 0.16.0",
				"? Big_Brother >= 0.4.3",
				"? Big_Brother_Bobs_plugin >= 0.1.2",
				"? PickerExtended >= 2.7.3",
				"? omnimatter_crystal >= 0.3.2"
  			   ],
  "description": "Graphics update for Bob's mods.  Revamp of the original ShinyBobs but graphic changes only"
}
