{
  "name": "SeaBlock",
  "version": "0.2.11",
  "factorio_version": "0.16",
  "title": "Sea Block",
  "author": "Trainwreck",
  "homepage": "https://forums.factorio.com/viewtopic.php?t=43759",
  "description": "No ore patches, expand from a small island. Also install the 'Sea Block Pack' mod and all dependencies for a more complete modpack",
  "dependencies": [
    "base",
    "angelsbioprocessing",
    "angelsrefining",
    "angelspetrochem",
    "bobelectronics",
    "boblogistics",
    "KS_Power",
    "? A Sea Block Config",
    "? LandfillPainting",
    "? ScienceCostTweakerM",
    "? SpaceMod"
  ]
}
