{
  "name": "Clowns-Science",
  "version": "1.0.5",
  "factorio_version": "0.16",
  "title": "MadClown01's Science",
  "author": "MadClown01",
  "contact": "",
  "homepage": "",
  "description": "Adds many science options to AngelBob games - research facility, particle accelerator and diverse alternative science pack recipes.",
  "dependencies": ["base >= 0.16.0", "angelsrefining >= 0.9.2", "angelspetrochem >= 0.7.5", "angelssmelting >= 0.4.3", "bobplates >= 0.16.0", "bobelectronics >= 0.16.0", "? bobtech >= 0.16.0", "? bobwarfare >= 0.16.3", "? Clowns-Processing >= 0.1.0", "? omnimatter_science >= 0.4.6", "? omnimatter >= 1.3.14"]
}