{
  "name": "Clowns-Extended-Minerals",
  "version": "1.0.10",
  "factorio_version": "0.16",
  "title": "MadClown01's Extended AngelBob Minerals",
  "author": "MadClown01",
  "contact": "",
  "homepage": "",
  "description": "Brings many new ores & minerals to games with Angel's Refining and Bob's Ores active.",
  "dependencies": [
	"base >= 0.16.0",
	"angelsrefining >= 0.9.2",
	"bobores >= 0.16.2",
	"bobplates >= 0.16.0",
	"Clowns-Processing >= 0.1.0",
	"? angelsinfiniteores >= 0.1.0"
	]
}